timestamp,unit_id,unit_type,empire_or_resistance,location_x,location_y,destination_x,destination_y,homeworld
2025-03-18 11:43:54,1,resistance_soldier,empire,6,6,3,8,Stewjon
2025-03-18 11:43:53,2,tie_silencer,resistance,2,1,5,9,Dathomir
2025-03-18 11:43:52,3,at-at,resistance,6,6,5,7,Kalee
2025-03-18 11:43:51,4,unknown,resistance,5,9,7,6,Glee Anselm
2025-03-18 11:43:50,5,resistance_soldier,resistance,1,5,10,7,Ryloth
2025-03-18 11:43:49,6,at-st,empire,4,1,6,4,Tholoth
2025-03-18 11:43:48,7,tie_silencer,resistance,2,9,9,6,Iridonia
2025-03-18 11:43:47,8,tie_silencer,resistance,2,6,6,9,Aleen Minor
2025-03-18 11:43:46,9,resistance_soldier,resistance,7,9,1,5,Ojom
2025-03-18 11:43:45,10,tie_silencer,resistance,6,6,7,3,Dorin
2025-03-18 11:43:44,11,stormtrooper,empire,8,1,1,10,Cerea
2025-03-18 11:43:43,12,stormtrooper,resistance,7,3,2,2,Dorin
2025-03-18 11:43:42,13,at-st,empire,1,5,3,5,Kalee
2025-03-18 11:43:41,14,resistance_soldier,resistance,9,7,2,8,Mon Cala
2025-03-18 11:43:40,15,tie_silencer,resistance,2,9,8,6,Shili
2025-03-18 11:43:39,16,at-st,resistance,10,10,1,7,Zolan
2025-03-18 11:43:38,17,x-wing,resistance,2,8,4,6,Shili
2025-03-18 11:43:37,18,resistance_soldier,empire,7,9,1,9,Aleen Minor
2025-03-18 11:43:36,19,x-wing,resistance,2,3,8,4,Malastare
2025-03-18 11:43:35,20,resistance_soldier,empire,10,6,3,8,Concord Dawn
2025-03-18 11:43:34,21,at-at,empire,7,3,1,7,Troiken
2025-03-18 11:43:33,22,tie_silencer,resistance,3,8,4,10,Umbara
2025-03-18 11:43:32,23,tie_fighter,resistance,4,8,10,9,Ryloth
2025-03-18 11:43:31,24,stormtrooper,resistance,4,9,2,9,Chandrila
2025-03-18 11:43:30,25,tie_silencer,empire,1,5,7,6,Glee Anselm
2025-03-18 11:43:29,26,tie_silencer,resistance,2,7,3,7,Aleen Minor
2025-03-18 11:43:28,27,unknown,empire,1,9,1,6,Tatooine
2025-03-18 11:43:27,28,resistance_soldier,resistance,3,5,10,6,Eriadu
2025-03-18 11:43:26,29,stormtrooper,empire,5,7,2,2,Toydaria
2025-03-18 11:43:25,30,unknown,resistance,3,6,9,4,Umbara
2025-03-18 11:43:24,31,stormtrooper,empire,6,10,4,3,Trandosha
2025-03-18 11:43:23,32,at-at,empire,2,1,4,10,Ojom
2025-03-18 11:43:22,33,x-wing,empire,9,5,10,2,Glee Anselm
2025-03-18 11:43:21,34,unknown,resistance,3,5,4,2,Socorro
2025-03-18 11:43:20,35,x-wing,empire,9,3,10,9,Naboo
2025-03-18 11:43:19,36,resistance_soldier,resistance,3,8,10,3,Ryloth
2025-03-18 11:43:18,37,unknown,resistance,3,7,6,2,Trandosha
2025-03-18 11:43:17,38,resistance_soldier,empire,1,10,9,7,Stewjon
2025-03-18 11:43:16,39,tie_silencer,resistance,10,5,2,10,Zolan
2025-03-18 11:43:15,40,resistance_soldier,empire,1,1,4,9,Toydaria
2025-03-18 11:43:14,41,unknown,resistance,5,3,1,10,Umbara
2025-03-18 11:43:13,42,unknown,resistance,1,5,4,1,Alderaan
2025-03-18 11:43:12,43,resistance_soldier,empire,5,1,10,4,Kalee
2025-03-18 11:43:11,44,resistance_soldier,resistance,9,2,8,9,Aleen Minor
2025-03-18 11:43:10,45,unknown,empire,3,7,10,6,Vulpter
2025-03-18 11:43:09,46,tie_fighter,resistance,5,7,6,3,Kashyyyk
2025-03-18 11:43:08,47,unknown,resistance,7,8,8,9,Iridonia
2025-03-18 11:43:07,48,x-wing,empire,10,2,1,7,Bestine IV
2025-03-18 11:43:06,49,resistance_soldier,empire,1,1,7,10,Mirial
2025-03-18 11:43:05,50,tie_silencer,empire,9,8,4,7,Corellia
2025-03-18 11:43:04,51,tie_silencer,empire,4,6,8,2,Tatooine
2025-03-18 11:43:03,52,x-wing,resistance,5,1,7,7,Socorro
2025-03-18 11:43:02,53,x-wing,empire,1,9,4,5,Concord Dawn
2025-03-18 11:43:01,54,at-at,empire,10,2,10,3,Concord Dawn
2025-03-18 11:43:00,55,tie_fighter,resistance,2,6,4,9,Sullust
2025-03-18 11:42:59,56,at-at,resistance,2,6,2,1,Chandrila
2025-03-18 11:42:58,57,stormtrooper,resistance,8,6,9,3,Sullust
2025-03-18 11:42:57,58,at-st,empire,2,4,10,2,Mirial
2025-03-18 11:42:56,59,stormtrooper,empire,6,3,5,6,Tatooine
2025-03-18 11:42:55,60,unknown,resistance,4,10,5,8,Haruun Kal
2025-03-18 11:42:54,61,tie_silencer,empire,1,10,3,7,Aleen Minor
2025-03-18 11:42:53,62,unknown,resistance,8,1,1,4,Vulpter
2025-03-18 11:42:52,63,stormtrooper,empire,1,8,8,1,Toydaria
2025-03-18 11:42:51,64,resistance_soldier,resistance,1,9,10,3,Alderaan
2025-03-18 11:42:50,65,stormtrooper,empire,7,4,6,10,Iridonia
2025-03-18 11:42:49,66,stormtrooper,resistance,10,1,3,7,Iridonia
2025-03-18 11:42:48,67,resistance_soldier,empire,10,2,2,1,Tund
2025-03-18 11:42:47,68,unknown,resistance,5,7,4,8,Quermia
2025-03-18 11:42:46,69,at-st,resistance,10,2,8,2,Umbara
2025-03-18 11:42:45,70,unknown,resistance,8,6,8,2,Kalee
2025-03-18 11:42:44,71,at-at,empire,9,3,8,6,Corellia
2025-03-18 11:42:43,72,x-wing,empire,1,5,1,5,Tatooine
2025-03-18 11:42:42,73,stormtrooper,resistance,4,4,5,7,Umbara
2025-03-18 11:42:41,74,stormtrooper,empire,2,9,4,9,Tholoth
2025-03-18 11:42:40,75,tie_fighter,empire,6,4,3,6,Zolan
2025-03-18 11:42:39,76,stormtrooper,resistance,10,9,7,6,Mirial
2025-03-18 11:42:38,77,resistance_soldier,resistance,9,10,10,1,Alderaan
2025-03-18 11:42:37,78,unknown,resistance,6,9,8,1,Dathomir
2025-03-18 11:42:36,79,unknown,empire,9,8,9,1,Serenno
2025-03-18 11:42:35,80,tie_fighter,empire,4,7,5,7,Umbara
2025-03-18 11:42:34,81,resistance_soldier,resistance,8,5,7,1,Haruun Kal
2025-03-18 11:42:33,82,stormtrooper,resistance,8,3,5,1,Mon Cala
2025-03-18 11:42:32,83,tie_fighter,empire,8,8,10,9,Serenno
2025-03-18 11:42:31,84,at-at,resistance,5,7,8,5,Alderaan
2025-03-18 11:42:30,85,stormtrooper,resistance,1,6,8,3,Socorro
2025-03-18 11:42:29,86,tie_silencer,resistance,2,2,3,5,Kashyyyk
2025-03-18 11:42:28,87,resistance_soldier,empire,4,6,3,9,Cerea
2025-03-18 11:42:27,88,at-at,resistance,4,1,4,9,Cerea
2025-03-18 11:42:26,89,tie_silencer,resistance,6,10,10,8,Troiken
2025-03-18 11:42:25,90,tie_silencer,empire,4,6,8,3,Champala
2025-03-18 11:42:24,91,at-st,resistance,5,3,9,4,Serenno
2025-03-18 11:42:23,92,at-st,resistance,6,3,9,3,Kalee
2025-03-18 11:42:22,93,tie_silencer,resistance,7,6,10,10,Rodia
2025-03-18 11:42:21,94,at-at,resistance,6,7,3,10,Chandrila
2025-03-18 11:42:20,95,stormtrooper,empire,4,3,4,10,Dagobah
2025-03-18 11:42:19,96,unknown,resistance,9,1,4,5,Socorro
2025-03-18 11:42:18,97,x-wing,empire,2,3,2,2,Malastare
2025-03-18 11:42:17,98,tie_fighter,resistance,7,7,7,1,Vulpter
2025-03-18 11:42:16,99,tie_fighter,resistance,9,9,2,5,Umbara
2025-03-18 11:42:15,100,x-wing,empire,2,7,2,8,Muunilinst
2025-03-18 11:42:14,101,x-wing,resistance,10,9,4,8,Iktotch
2025-03-18 11:42:13,102,unknown,resistance,3,2,3,3,Bestine IV
2025-03-18 11:42:12,103,stormtrooper,resistance,5,8,9,4,Troiken
2025-03-18 11:42:11,104,x-wing,resistance,9,5,6,8,Mon Cala
2025-03-18 11:42:10,105,at-at,empire,3,8,10,5,Tatooine
2025-03-18 11:42:09,106,unknown,resistance,1,9,7,10,Ryloth
2025-03-18 11:42:08,107,x-wing,empire,6,9,3,9,Muunilinst
2025-03-18 11:42:07,108,x-wing,empire,9,2,2,10,Skako
2025-03-18 11:42:06,109,tie_fighter,resistance,5,3,6,5,Mon Cala
2025-03-18 11:42:05,110,tie_fighter,empire,5,4,7,1,Malastare
2025-03-18 11:42:04,111,tie_fighter,empire,4,2,3,7,Dagobah
2025-03-18 11:42:03,112,tie_fighter,resistance,6,10,5,3,Tund
2025-03-18 11:42:02,113,at-st,resistance,8,5,5,10,Tholoth
2025-03-18 11:42:01,114,stormtrooper,empire,9,2,8,10,Dorin
2025-03-18 11:42:00,115,at-at,empire,5,5,7,6,Dathomir
2025-03-18 11:41:59,116,unknown,resistance,8,8,7,2,Ojom
2025-03-18 11:41:58,117,x-wing,resistance,6,1,2,8,Dathomir
2025-03-18 11:41:57,118,tie_silencer,resistance,7,8,4,4,Kalee
2025-03-18 11:41:56,119,at-st,empire,7,10,8,4,Trandosha
2025-03-18 11:41:55,120,tie_silencer,empire,9,10,6,9,Malastare
2025-03-18 11:41:54,121,at-at,resistance,2,1,4,8,Alderaan
2025-03-18 11:41:53,122,unknown,resistance,8,6,6,4,Iridonia
2025-03-18 11:41:52,123,tie_silencer,resistance,5,3,2,2,Iktotch
2025-03-18 11:41:51,124,resistance_soldier,resistance,7,10,8,2,Cerea
2025-03-18 11:41:50,125,unknown,empire,9,2,9,7,Bestine IV
2025-03-18 11:41:49,126,at-st,empire,9,10,10,6,Champala
2025-03-18 11:41:48,127,at-st,resistance,2,7,7,6,Tatooine
2025-03-18 11:41:47,128,unknown,empire,6,10,4,3,Tund
2025-03-18 11:41:46,129,at-st,empire,10,1,10,2,Muunilinst
2025-03-18 11:41:45,130,stormtrooper,resistance,3,6,2,4,Alderaan
2025-03-18 11:41:44,131,tie_silencer,empire,5,10,5,1,Toydaria
2025-03-18 11:41:43,132,stormtrooper,empire,8,2,3,8,Malastare
2025-03-18 11:41:42,133,at-at,resistance,6,10,10,1,Alderaan
2025-03-18 11:41:41,134,tie_fighter,resistance,4,10,6,3,Dathomir
2025-03-18 11:41:40,135,unknown,empire,7,5,4,4,Trandosha
2025-03-18 11:41:39,136,at-at,resistance,6,7,10,6,Chandrila
2025-03-18 11:41:38,137,resistance_soldier,empire,10,9,7,1,Malastare
2025-03-18 11:41:37,138,unknown,resistance,10,4,5,2,Naboo
2025-03-18 11:41:36,139,x-wing,resistance,4,7,8,6,Kashyyyk
2025-03-18 11:41:35,140,tie_silencer,empire,9,9,3,10,Corellia
2025-03-18 11:41:34,141,stormtrooper,empire,7,8,7,2,Ryloth
2025-03-18 11:41:33,142,stormtrooper,resistance,1,7,9,5,Shili
2025-03-18 11:41:32,143,unknown,resistance,3,8,7,8,Mon Cala
2025-03-18 11:41:31,144,tie_silencer,empire,5,2,4,5,Aleen Minor
2025-03-18 11:41:30,145,at-at,empire,3,1,6,9,Concord Dawn
2025-03-18 11:41:29,146,x-wing,empire,1,8,10,10,Toydaria
2025-03-18 11:41:28,147,resistance_soldier,empire,3,2,2,6,Toydaria
2025-03-18 11:41:27,148,at-st,empire,4,4,7,10,Skako
2025-03-18 11:41:26,149,x-wing,empire,8,1,2,9,Tund
2025-03-18 11:41:25,150,resistance_soldier,resistance,2,3,10,8,Alderaan
2025-03-18 11:41:24,151,tie_silencer,empire,10,7,5,3,Zolan
2025-03-18 11:41:23,152,at-st,empire,4,8,8,7,Concord Dawn
2025-03-18 11:41:22,153,at-st,empire,10,1,9,9,Tund
2025-03-18 11:41:21,154,x-wing,empire,6,9,1,1,Corellia
2025-03-18 11:41:20,155,x-wing,empire,3,5,7,10,Serenno
2025-03-18 11:41:19,156,unknown,empire,8,9,7,4,Ojom
2025-03-18 11:41:18,157,at-at,empire,1,1,3,1,Glee Anselm
2025-03-18 11:41:17,158,at-at,resistance,3,2,7,1,Bestine IV
2025-03-18 11:41:16,159,x-wing,empire,4,5,6,1,Trandosha
2025-03-18 11:41:15,160,x-wing,empire,7,5,7,3,Zolan
2025-03-18 11:41:14,161,tie_silencer,empire,8,8,8,5,Kalee
2025-03-18 11:41:13,162,tie_fighter,empire,5,8,10,3,Troiken
2025-03-18 11:41:12,163,at-st,empire,3,8,4,3,Stewjon
2025-03-18 11:41:11,164,at-at,resistance,9,8,5,10,Alderaan
2025-03-18 11:41:10,165,tie_fighter,resistance,8,3,6,4,Shili
2025-03-18 11:41:09,166,tie_fighter,empire,4,3,2,3,Skako
2025-03-18 11:41:08,167,x-wing,resistance,5,10,4,1,Socorro
2025-03-18 11:41:07,168,resistance_soldier,empire,8,1,6,2,Dorin
2025-03-18 11:41:06,169,stormtrooper,resistance,5,4,8,5,Iridonia
2025-03-18 11:41:05,170,stormtrooper,empire,9,9,3,5,Mirial
2025-03-18 11:41:04,171,stormtrooper,empire,1,7,9,10,Dorin
2025-03-18 11:41:03,172,x-wing,empire,7,9,5,5,Rodia
2025-03-18 11:41:02,173,resistance_soldier,resistance,8,3,3,9,Haruun Kal
2025-03-18 11:41:01,174,x-wing,resistance,8,8,3,2,Mon Cala
2025-03-18 11:41:00,175,at-st,empire,4,2,3,6,Serenno
2025-03-18 11:40:59,176,tie_fighter,empire,8,3,7,8,Eriadu
2025-03-18 11:40:58,177,x-wing,resistance,2,2,1,1,Eriadu
2025-03-18 11:40:57,178,stormtrooper,empire,6,4,4,7,Skako
2025-03-18 11:40:56,179,at-at,resistance,6,8,2,3,Mon Cala
2025-03-18 11:40:55,180,at-at,empire,9,10,3,2,Kashyyyk
2025-03-18 11:40:54,181,resistance_soldier,empire,3,1,6,2,Champala
2025-03-18 11:40:53,182,at-st,resistance,7,2,8,9,Iktotch
2025-03-18 11:40:52,183,at-at,resistance,10,5,3,2,Vulpter
2025-03-18 11:40:51,184,stormtrooper,empire,6,2,3,1,Aleen Minor
2025-03-18 11:40:50,185,tie_fighter,resistance,9,8,9,9,Iktotch
2025-03-18 11:40:49,186,unknown,resistance,3,3,1,7,Chandrila
2025-03-18 11:40:48,187,x-wing,empire,9,4,4,1,Troiken
2025-03-18 11:40:47,188,stormtrooper,resistance,1,3,5,10,Rodia
2025-03-18 11:40:46,189,tie_fighter,empire,1,10,6,10,Corellia
2025-03-18 11:40:45,190,unknown,resistance,1,3,4,5,Chandrila
2025-03-18 11:40:44,191,x-wing,resistance,10,4,8,5,Mon Cala
2025-03-18 11:40:43,192,x-wing,resistance,2,10,4,1,Ojom
2025-03-18 11:40:42,193,tie_silencer,empire,6,2,8,10,Malastare
2025-03-18 11:40:41,194,at-at,empire,9,3,3,3,Quermia
2025-03-18 11:40:40,195,tie_fighter,empire,5,1,6,6,Iridonia
2025-03-18 11:40:39,196,x-wing,resistance,1,4,5,7,Corellia
2025-03-18 11:40:38,197,unknown,empire,5,2,5,6,Bestine IV
2025-03-18 11:40:37,198,at-st,empire,6,3,3,5,Malastare
2025-03-18 11:40:36,199,stormtrooper,empire,8,7,10,9,Rodia
2025-03-18 11:40:35,200,at-st,empire,6,6,10,6,Kalee
2025-03-18 11:40:34,201,x-wing,empire,4,1,2,6,Tatooine
2025-03-18 11:40:33,202,at-st,empire,5,8,9,2,Shili
2025-03-18 11:40:32,203,x-wing,empire,8,10,4,9,Stewjon
2025-03-18 11:40:31,204,x-wing,empire,4,1,5,3,Umbara
2025-03-18 11:40:30,205,at-st,resistance,9,6,1,6,Dathomir
2025-03-18 11:40:29,206,tie_silencer,resistance,5,2,3,7,Troiken
2025-03-18 11:40:28,207,stormtrooper,resistance,4,9,4,3,Naboo
2025-03-18 11:40:27,208,unknown,empire,6,10,1,4,Dorin
2025-03-18 11:40:26,209,unknown,empire,7,6,4,1,Socorro
2025-03-18 11:40:25,210,x-wing,resistance,2,1,10,7,Tatooine
2025-03-18 11:40:24,211,unknown,empire,8,10,3,6,Skako
2025-03-18 11:40:23,212,stormtrooper,resistance,8,4,7,8,Glee Anselm
2025-03-18 11:40:22,213,at-st,empire,7,8,10,10,Dagobah
2025-03-18 11:40:21,214,x-wing,empire,9,4,2,10,Kalee
2025-03-18 11:40:20,215,at-st,empire,3,2,2,9,Troiken
2025-03-18 11:40:19,216,x-wing,resistance,6,6,4,9,Bestine IV
2025-03-18 11:40:18,217,x-wing,resistance,8,1,8,9,Glee Anselm
2025-03-18 11:40:17,218,at-st,empire,10,8,5,9,Toydaria
2025-03-18 11:40:16,219,tie_silencer,empire,5,2,7,6,Troiken
2025-03-18 11:40:15,220,unknown,empire,3,4,5,8,Skako
2025-03-18 11:40:14,221,tie_silencer,resistance,4,6,4,4,Naboo
2025-03-18 11:40:13,222,unknown,empire,3,3,4,6,Concord Dawn
2025-03-18 11:40:12,223,at-at,empire,3,4,10,8,Dorin
2025-03-18 11:40:11,224,at-st,empire,7,8,6,3,Iktotch
2025-03-18 11:40:10,225,resistance_soldier,resistance,1,1,6,5,Socorro
2025-03-18 11:40:09,226,at-st,empire,4,6,2,10,Corellia
2025-03-18 11:40:08,227,unknown,empire,10,6,2,9,Toydaria
2025-03-18 11:40:07,228,tie_fighter,resistance,10,4,6,7,Sullust
2025-03-18 11:40:06,229,at-st,empire,5,2,4,7,Tund
2025-03-18 11:40:05,230,tie_fighter,empire,3,10,6,1,Trandosha
2025-03-18 11:40:04,231,tie_silencer,resistance,7,10,1,9,Dathomir
2025-03-18 11:40:03,232,at-at,resistance,3,1,6,1,Mon Cala
2025-03-18 11:40:02,233,x-wing,empire,9,5,3,10,Quermia
2025-03-18 11:40:01,234,at-at,resistance,5,9,8,5,Iktotch
2025-03-18 11:40:00,235,at-at,resistance,2,2,2,9,Troiken
2025-03-18 11:39:59,236,resistance_soldier,empire,9,2,3,5,Ojom
2025-03-18 11:39:58,237,tie_silencer,empire,4,3,6,8,Corellia
2025-03-18 11:39:57,238,stormtrooper,empire,6,5,2,5,Corellia
2025-03-18 11:39:56,239,resistance_soldier,empire,1,2,9,5,Kalee
2025-03-18 11:39:55,240,resistance_soldier,empire,7,5,7,3,Corellia
2025-03-18 11:39:54,241,resistance_soldier,empire,2,6,7,10,Toydaria
2025-03-18 11:39:53,242,x-wing,empire,8,9,10,10,Serenno
2025-03-18 11:39:52,243,at-st,resistance,2,4,10,4,Vulpter
2025-03-18 11:39:51,244,unknown,empire,2,1,8,6,Malastare
2025-03-18 11:39:50,245,x-wing,resistance,2,8,9,2,Aleen Minor
2025-03-18 11:39:49,246,tie_fighter,resistance,3,1,4,7,Stewjon
2025-03-18 11:39:48,247,unknown,empire,3,3,9,2,Serenno
2025-03-18 11:39:47,248,tie_fighter,empire,9,10,9,9,Trandosha
2025-03-18 11:39:46,249,tie_silencer,resistance,6,4,4,6,Dathomir
2025-03-18 11:39:45,250,stormtrooper,resistance,3,1,5,7,Naboo
2025-03-18 11:39:44,251,unknown,empire,4,8,1,8,Eriadu
2025-03-18 11:39:43,252,at-st,empire,8,2,4,5,Cerea
2025-03-18 11:39:42,253,resistance_soldier,empire,9,1,1,4,Kalee
2025-03-18 11:39:41,254,stormtrooper,empire,6,1,2,9,Malastare
2025-03-18 11:39:40,255,stormtrooper,empire,3,1,2,2,Champala
2025-03-18 11:39:39,256,unknown,resistance,9,1,6,9,Kashyyyk
2025-03-18 11:39:38,257,resistance_soldier,resistance,6,8,10,10,Quermia
2025-03-18 11:39:37,258,unknown,resistance,2,8,4,9,Malastare
2025-03-18 11:39:36,259,at-st,resistance,8,1,4,6,Umbara
2025-03-18 11:39:35,260,resistance_soldier,empire,4,9,5,2,Muunilinst
2025-03-18 11:39:34,261,unknown,resistance,9,5,8,2,Rodia
2025-03-18 11:39:33,262,unknown,empire,8,5,9,10,Troiken
2025-03-18 11:39:32,263,at-st,resistance,10,9,2,6,Kashyyyk
2025-03-18 11:39:31,264,at-st,empire,5,4,6,6,Quermia
2025-03-18 11:39:30,265,at-at,empire,2,3,9,2,Vulpter
2025-03-18 11:39:29,266,x-wing,resistance,10,5,1,9,Kalee
2025-03-18 11:39:28,267,at-st,resistance,2,1,10,6,Mon Cala
2025-03-18 11:39:27,268,at-st,resistance,8,8,5,8,Bestine IV
2025-03-18 11:39:26,269,tie_silencer,resistance,8,1,5,8,Cerea
2025-03-18 11:39:25,270,at-at,empire,1,6,7,4,Dagobah
2025-03-18 11:39:24,271,stormtrooper,empire,1,10,9,10,Serenno
2025-03-18 11:39:23,272,unknown,empire,3,6,6,1,Concord Dawn
2025-03-18 11:39:22,273,x-wing,resistance,8,8,9,3,Iridonia
2025-03-18 11:39:21,274,x-wing,resistance,10,2,3,8,Skako
2025-03-18 11:39:20,275,tie_silencer,resistance,7,10,4,2,Zolan
2025-03-18 11:39:19,276,x-wing,empire,5,7,8,7,Glee Anselm
2025-03-18 11:39:18,277,at-st,resistance,10,4,9,2,Champala
2025-03-18 11:39:17,278,resistance_soldier,resistance,1,5,1,9,Malastare
2025-03-18 11:39:16,279,stormtrooper,resistance,5,2,6,3,Haruun Kal
2025-03-18 11:39:15,280,unknown,empire,1,2,2,7,Muunilinst
2025-03-18 11:39:14,281,resistance_soldier,empire,3,5,5,7,Rodia
2025-03-18 11:39:13,282,resistance_soldier,empire,6,7,3,4,Ojom
2025-03-18 11:39:12,283,unknown,resistance,4,6,9,7,Bestine IV
2025-03-18 11:39:11,284,tie_silencer,empire,4,10,1,5,Dorin
2025-03-18 11:39:10,285,stormtrooper,empire,8,10,3,4,Eriadu
2025-03-18 11:39:09,286,stormtrooper,empire,9,1,9,2,Serenno
2025-03-18 11:39:08,287,at-st,resistance,7,7,4,2,Glee Anselm
2025-03-18 11:39:07,288,tie_silencer,empire,5,7,4,7,Malastare
2025-03-18 11:39:06,289,x-wing,empire,5,3,2,9,Muunilinst
2025-03-18 11:39:05,290,x-wing,empire,1,9,2,9,Zolan
2025-03-18 11:39:04,291,unknown,resistance,8,8,9,1,Tholoth
2025-03-18 11:39:03,292,unknown,empire,3,3,1,10,Quermia
2025-03-18 11:39:02,293,tie_silencer,resistance,5,8,7,2,Sullust
2025-03-18 11:39:01,294,stormtrooper,empire,9,1,1,3,Dagobah
2025-03-18 11:39:00,295,tie_fighter,empire,5,1,4,4,Quermia
2025-03-18 11:38:59,296,unknown,empire,1,8,1,10,Quermia
2025-03-18 11:38:58,297,resistance_soldier,resistance,9,4,7,6,Shili
2025-03-18 11:38:57,298,at-at,resistance,7,4,10,8,Quermia
2025-03-18 11:38:56,299,stormtrooper,resistance,6,1,7,4,Iktotch
2025-03-18 11:38:55,300,stormtrooper,resistance,9,7,3,3,Chandrila
2025-03-18 11:38:54,301,tie_fighter,resistance,8,7,9,7,Iktotch
2025-03-18 11:38:53,302,x-wing,resistance,4,1,1,9,Ojom
2025-03-18 11:38:52,303,at-st,empire,4,5,3,3,Iktotch
2025-03-18 11:38:51,304,stormtrooper,empire,3,1,8,4,Skako
2025-03-18 11:38:50,305,stormtrooper,empire,8,5,8,9,Muunilinst
2025-03-18 11:38:49,306,tie_fighter,resistance,5,2,10,6,Socorro
2025-03-18 11:38:48,307,unknown,resistance,7,9,8,6,Concord Dawn
2025-03-18 11:38:47,308,at-st,resistance,3,8,1,10,Eriadu
2025-03-18 11:38:46,309,x-wing,resistance,1,1,5,10,Aleen Minor
2025-03-18 11:38:45,310,tie_fighter,resistance,6,4,1,10,Kashyyyk
2025-03-18 11:38:44,311,at-at,empire,8,4,6,8,Muunilinst
2025-03-18 11:38:43,312,tie_silencer,empire,3,5,7,7,Iktotch
2025-03-18 11:38:42,313,stormtrooper,empire,3,9,1,1,Dorin
2025-03-18 11:38:41,314,at-st,resistance,3,10,7,10,Bestine IV
2025-03-18 11:38:40,315,stormtrooper,empire,4,7,9,3,Ojom
2025-03-18 11:38:39,316,unknown,resistance,9,5,1,9,Naboo
2025-03-18 11:38:38,317,x-wing,empire,9,6,1,9,Troiken
2025-03-18 11:38:37,318,stormtrooper,resistance,7,4,2,10,Kashyyyk
2025-03-18 11:38:36,319,at-at,resistance,5,5,10,10,Dathomir
2025-03-18 11:38:35,320,tie_silencer,empire,1,7,7,3,Tund
2025-03-18 11:38:34,321,unknown,resistance,7,9,1,1,Bestine IV
2025-03-18 11:38:33,322,at-st,resistance,8,4,7,4,Mon Cala
2025-03-18 11:38:32,323,tie_silencer,empire,10,9,4,5,Zolan
2025-03-18 11:38:31,324,unknown,resistance,8,7,1,6,Alderaan
2025-03-18 11:38:30,325,resistance_soldier,empire,6,7,5,8,Skako
2025-03-18 11:38:29,326,unknown,resistance,5,7,10,9,Ryloth
2025-03-18 11:38:28,327,tie_silencer,resistance,7,5,10,9,Iridonia
2025-03-18 11:38:27,328,x-wing,empire,6,4,5,9,Tholoth
2025-03-18 11:38:26,329,unknown,empire,7,9,2,7,Dorin
2025-03-18 11:38:25,330,resistance_soldier,resistance,1,4,10,5,Skako
2025-03-18 11:38:24,331,at-st,resistance,6,1,4,4,Kalee
2025-03-18 11:38:23,332,at-st,resistance,7,1,2,7,Tund
2025-03-18 11:38:22,333,resistance_soldier,resistance,8,10,8,10,Haruun Kal
2025-03-18 11:38:21,334,stormtrooper,resistance,10,1,6,10,Iktotch
2025-03-18 11:38:20,335,stormtrooper,empire,4,4,5,5,Muunilinst
2025-03-18 11:38:19,336,at-st,empire,10,8,10,10,Bestine IV
2025-03-18 11:38:18,337,resistance_soldier,empire,8,8,10,8,Vulpter
2025-03-18 11:38:17,338,at-at,empire,4,3,2,1,Corellia
2025-03-18 11:38:16,339,stormtrooper,resistance,5,8,5,7,Sullust
2025-03-18 11:38:15,340,at-st,resistance,3,2,3,7,Naboo
2025-03-18 11:38:14,341,at-at,empire,2,4,4,1,Zolan
2025-03-18 11:38:13,342,stormtrooper,resistance,1,6,8,5,Aleen Minor
2025-03-18 11:38:12,343,stormtrooper,resistance,2,9,1,7,Dorin
2025-03-18 11:38:11,344,at-st,empire,8,3,7,3,Toydaria
2025-03-18 11:38:10,345,unknown,empire,9,10,6,6,Tholoth
2025-03-18 11:38:09,346,resistance_soldier,resistance,3,5,7,1,Socorro
2025-03-18 11:38:08,347,stormtrooper,resistance,4,5,2,6,Mon Cala
2025-03-18 11:38:07,348,tie_silencer,resistance,10,4,4,2,Glee Anselm
2025-03-18 11:38:06,349,at-st,empire,6,5,5,6,Rodia
2025-03-18 11:38:05,350,tie_fighter,resistance,10,4,2,7,Bestine IV
2025-03-18 11:38:04,351,stormtrooper,empire,7,8,4,6,Muunilinst
2025-03-18 11:38:03,352,tie_silencer,empire,3,4,3,1,Zolan
2025-03-18 11:38:02,353,stormtrooper,resistance,5,5,6,4,Kalee
2025-03-18 11:38:01,354,unknown,empire,2,5,1,10,Kalee
2025-03-18 11:38:00,355,stormtrooper,empire,10,8,9,8,Dathomir
2025-03-18 11:37:59,356,x-wing,resistance,4,7,10,4,Socorro
2025-03-18 11:37:58,357,tie_silencer,empire,8,6,1,3,Dagobah
2025-03-18 11:37:57,358,resistance_soldier,resistance,3,5,10,3,Mon Cala
2025-03-18 11:37:56,359,x-wing,resistance,10,2,3,4,Stewjon
2025-03-18 11:37:55,360,x-wing,resistance,8,8,10,3,Umbara
2025-03-18 11:37:54,361,tie_silencer,empire,1,2,8,10,Champala
2025-03-18 11:37:53,362,at-st,empire,1,9,9,9,Tholoth
2025-03-18 11:37:52,363,at-at,resistance,6,2,5,5,Champala
2025-03-18 11:37:51,364,stormtrooper,empire,1,2,1,6,Mirial
2025-03-18 11:37:50,365,unknown,empire,7,8,10,4,Dorin
2025-03-18 11:37:49,366,tie_silencer,empire,2,4,3,1,Malastare
2025-03-18 11:37:48,367,tie_silencer,resistance,5,5,8,9,Glee Anselm
2025-03-18 11:37:47,368,unknown,empire,1,10,2,4,Skako
2025-03-18 11:37:46,369,x-wing,empire,9,1,5,9,Muunilinst
2025-03-18 11:37:45,370,at-st,empire,1,2,5,5,Iktotch
2025-03-18 11:37:44,371,tie_silencer,empire,1,3,2,9,Ojom
2025-03-18 11:37:43,372,stormtrooper,resistance,6,9,9,4,Shili
2025-03-18 11:37:42,373,at-st,empire,9,2,3,4,Malastare
2025-03-18 11:37:41,374,unknown,empire,10,7,3,2,Concord Dawn
2025-03-18 11:37:40,375,stormtrooper,empire,6,10,1,8,Serenno
2025-03-18 11:37:39,376,stormtrooper,resistance,8,8,5,10,Tund
2025-03-18 11:37:38,377,unknown,resistance,6,5,4,4,Rodia
2025-03-18 11:37:37,378,resistance_soldier,resistance,3,8,5,2,Zolan
2025-03-18 11:37:36,379,tie_fighter,empire,1,4,1,10,Vulpter
2025-03-18 11:37:35,380,tie_fighter,resistance,2,6,5,1,Eriadu
2025-03-18 11:37:34,381,stormtrooper,resistance,7,8,7,4,Haruun Kal
2025-03-18 11:37:33,382,resistance_soldier,resistance,4,7,1,1,Iktotch
2025-03-18 11:37:32,383,tie_fighter,empire,9,10,10,4,Eriadu
2025-03-18 11:37:31,384,tie_fighter,resistance,6,1,5,7,Skako
2025-03-18 11:37:30,385,x-wing,resistance,1,3,9,7,Troiken
2025-03-18 11:37:29,386,x-wing,empire,8,1,3,3,Stewjon
2025-03-18 11:37:28,387,tie_fighter,empire,5,1,9,9,Toydaria
2025-03-18 11:37:27,388,at-st,resistance,8,1,4,8,Ojom
2025-03-18 11:37:26,389,stormtrooper,resistance,9,8,6,4,Tatooine
2025-03-18 11:37:25,390,at-st,resistance,7,5,5,9,Kashyyyk
2025-03-18 11:37:24,391,at-st,empire,4,4,3,1,Cerea
2025-03-18 11:37:23,392,at-at,resistance,7,1,6,10,Iktotch
2025-03-18 11:37:22,393,resistance_soldier,empire,7,6,1,10,Skako
2025-03-18 11:37:21,394,x-wing,resistance,5,7,3,5,Umbara
2025-03-18 11:37:20,395,x-wing,empire,7,5,8,8,Socorro
2025-03-18 11:37:19,396,stormtrooper,empire,1,7,3,3,Haruun Kal
2025-03-18 11:37:18,397,tie_fighter,empire,9,1,10,8,Quermia
2025-03-18 11:37:17,398,stormtrooper,empire,10,9,6,7,Vulpter
2025-03-18 11:37:16,399,resistance_soldier,empire,9,9,1,4,Serenno
2025-03-18 11:37:15,400,x-wing,resistance,9,3,6,3,Sullust
2025-03-18 11:37:14,401,tie_fighter,empire,7,2,4,5,Serenno
2025-03-18 11:37:13,402,at-at,resistance,6,8,3,2,Concord Dawn
2025-03-18 11:37:12,403,x-wing,empire,10,7,10,3,Dathomir
2025-03-18 11:37:11,404,x-wing,empire,5,3,2,4,Corellia
2025-03-18 11:37:10,405,resistance_soldier,resistance,9,10,8,3,Socorro
2025-03-18 11:37:09,406,at-at,resistance,3,7,4,10,Alderaan
2025-03-18 11:37:08,407,tie_fighter,empire,10,2,3,5,Ojom
2025-03-18 11:37:07,408,at-at,resistance,1,2,2,3,Haruun Kal
2025-03-18 11:37:06,409,stormtrooper,resistance,8,6,6,2,Tatooine
2025-03-18 11:37:05,410,at-st,resistance,8,10,6,1,Dagobah
2025-03-18 11:37:04,411,tie_fighter,resistance,5,10,6,4,Kalee
2025-03-18 11:37:03,412,stormtrooper,empire,10,4,10,7,Trandosha
2025-03-18 11:37:02,413,at-at,empire,8,10,6,2,Concord Dawn
2025-03-18 11:37:01,414,at-st,resistance,8,9,7,2,Malastare
2025-03-18 11:37:00,415,resistance_soldier,resistance,3,1,2,10,Iktotch
2025-03-18 11:36:59,416,tie_silencer,empire,7,7,4,5,Mirial
2025-03-18 11:36:58,417,unknown,empire,1,3,4,4,Socorro
2025-03-18 11:36:57,418,at-at,resistance,5,1,4,2,Aleen Minor
2025-03-18 11:36:56,419,tie_fighter,resistance,7,9,8,2,Cerea
2025-03-18 11:36:55,420,x-wing,empire,6,9,9,6,Corellia
2025-03-18 11:36:54,421,stormtrooper,empire,1,1,9,10,Malastare
2025-03-18 11:36:53,422,at-st,resistance,4,2,6,3,Socorro
2025-03-18 11:36:52,423,x-wing,empire,6,3,1,8,Shili
2025-03-18 11:36:51,424,tie_fighter,resistance,9,9,8,4,Umbara
2025-03-18 11:36:50,425,tie_fighter,resistance,3,9,6,7,Iktotch
2025-03-18 11:36:49,426,at-at,empire,10,8,1,3,Dagobah
2025-03-18 11:36:48,427,x-wing,resistance,8,4,5,8,Rodia
2025-03-18 11:36:47,428,resistance_soldier,empire,4,9,4,1,Aleen Minor
2025-03-18 11:36:46,429,unknown,resistance,3,10,1,9,Shili
2025-03-18 11:36:45,430,at-at,empire,8,9,5,7,Ojom
2025-03-18 11:36:44,431,at-st,empire,1,5,7,1,Glee Anselm
2025-03-18 11:36:43,432,unknown,empire,7,10,3,4,Shili
2025-03-18 11:36:42,433,at-st,resistance,7,5,10,4,Rodia
2025-03-18 11:36:41,434,unknown,resistance,5,1,4,5,Tatooine
2025-03-18 11:36:40,435,stormtrooper,resistance,3,2,1,2,Mirial
2025-03-18 11:36:39,436,resistance_soldier,empire,2,8,5,1,Socorro
2025-03-18 11:36:38,437,stormtrooper,resistance,1,1,10,7,Troiken
2025-03-18 11:36:37,438,tie_fighter,empire,7,2,1,7,Trandosha
2025-03-18 11:36:36,439,x-wing,resistance,3,3,2,7,Cerea
2025-03-18 11:36:35,440,tie_silencer,resistance,4,10,6,5,Ojom
2025-03-18 11:36:34,441,at-st,empire,3,5,8,5,Quermia
2025-03-18 11:36:33,442,x-wing,resistance,3,7,8,1,Zolan
2025-03-18 11:36:32,443,resistance_soldier,empire,6,3,8,3,Tatooine
2025-03-18 11:36:31,444,at-st,empire,4,9,2,8,Toydaria
2025-03-18 11:36:30,445,resistance_soldier,empire,6,7,4,7,Malastare
2025-03-18 11:36:29,446,at-at,resistance,6,4,10,9,Glee Anselm
2025-03-18 11:36:28,447,unknown,resistance,1,10,10,9,Shili
2025-03-18 11:36:27,448,tie_silencer,resistance,10,9,5,7,Kalee
2025-03-18 11:36:26,449,resistance_soldier,resistance,7,5,2,2,Mirial
2025-03-18 11:36:25,450,resistance_soldier,empire,3,4,2,5,Haruun Kal
2025-03-18 11:36:24,451,resistance_soldier,empire,3,1,8,1,Tund
2025-03-18 11:36:23,452,unknown,resistance,8,3,6,3,Ojom
2025-03-18 11:36:22,453,unknown,empire,5,10,9,6,Champala
2025-03-18 11:36:21,454,stormtrooper,resistance,7,10,2,8,Chandrila
2025-03-18 11:36:20,455,unknown,resistance,9,6,10,8,Sullust
2025-03-18 11:36:19,456,at-st,resistance,10,8,4,10,Iridonia
2025-03-18 11:36:18,457,x-wing,resistance,1,1,7,6,Iridonia
2025-03-18 11:36:17,458,resistance_soldier,empire,4,10,7,6,Aleen Minor
2025-03-18 11:36:16,459,stormtrooper,empire,5,8,10,3,Quermia
2025-03-18 11:36:15,460,tie_fighter,resistance,10,10,9,9,Quermia
2025-03-18 11:36:14,461,unknown,resistance,7,8,6,1,Naboo
2025-03-18 11:36:13,462,unknown,resistance,2,6,4,9,Rodia
2025-03-18 11:36:12,463,x-wing,resistance,1,10,3,6,Iktotch
2025-03-18 11:36:11,464,tie_fighter,resistance,3,6,2,7,Kalee
2025-03-18 11:36:10,465,tie_silencer,empire,1,9,5,8,Aleen Minor
2025-03-18 11:36:09,466,at-at,resistance,6,5,7,5,Stewjon
2025-03-18 11:36:08,467,x-wing,empire,5,7,1,1,Tund
2025-03-18 11:36:07,468,unknown,empire,10,1,8,3,Muunilinst
2025-03-18 11:36:06,469,tie_fighter,resistance,6,1,7,7,Trandosha
2025-03-18 11:36:05,470,resistance_soldier,empire,7,5,6,3,Zolan
2025-03-18 11:36:04,471,unknown,resistance,2,9,6,10,Cerea
2025-03-18 11:36:03,472,resistance_soldier,resistance,5,9,4,6,Socorro
2025-03-18 11:36:02,473,tie_silencer,resistance,8,7,10,3,Shili
2025-03-18 11:36:01,474,tie_silencer,empire,7,5,3,4,Iridonia
2025-03-18 11:36:00,475,resistance_soldier,resistance,6,1,9,3,Tholoth
2025-03-18 11:35:59,476,unknown,resistance,8,9,1,5,Ryloth
2025-03-18 11:35:58,477,resistance_soldier,empire,7,9,4,8,Concord Dawn
2025-03-18 11:35:57,478,at-st,resistance,1,4,7,6,Haruun Kal
2025-03-18 11:35:56,479,tie_silencer,resistance,7,9,2,10,Alderaan
2025-03-18 11:35:55,480,at-st,resistance,7,3,2,7,Umbara
2025-03-18 11:35:54,481,resistance_soldier,resistance,1,7,9,7,Naboo
2025-03-18 11:35:53,482,at-at,resistance,7,4,1,1,Zolan
2025-03-18 11:35:52,483,at-st,empire,1,10,6,8,Dagobah
2025-03-18 11:35:51,484,x-wing,resistance,5,2,1,3,Troiken
2025-03-18 11:35:50,485,x-wing,empire,7,1,10,4,Tholoth
2025-03-18 11:35:49,486,tie_silencer,resistance,9,4,6,7,Champala
2025-03-18 11:35:48,487,resistance_soldier,empire,8,4,1,1,Umbara
2025-03-18 11:35:47,488,tie_fighter,empire,8,1,5,3,Dagobah
2025-03-18 11:35:46,489,tie_silencer,resistance,3,1,5,10,Kashyyyk
2025-03-18 11:35:45,490,resistance_soldier,empire,9,4,2,8,Tatooine
2025-03-18 11:35:44,491,at-st,resistance,3,10,9,5,Troiken
2025-03-18 11:35:43,492,stormtrooper,resistance,4,8,9,3,Mon Cala
2025-03-18 11:35:42,493,at-at,empire,1,10,6,9,Iktotch
2025-03-18 11:35:41,494,resistance_soldier,empire,2,3,10,1,Rodia
2025-03-18 11:35:40,495,tie_fighter,empire,6,8,3,5,Toydaria
2025-03-18 11:35:39,496,at-at,resistance,10,1,10,7,Vulpter
2025-03-18 11:35:38,497,unknown,empire,4,1,5,2,Iktotch
2025-03-18 11:35:37,498,tie_silencer,empire,6,9,2,6,Tholoth
2025-03-18 11:35:36,499,at-st,empire,5,8,5,6,Muunilinst
2025-03-18 11:35:35,500,unknown,empire,10,1,8,1,Quermia
2025-03-18 11:35:34,501,resistance_soldier,resistance,4,1,6,9,Dathomir
2025-03-18 11:35:33,502,tie_silencer,resistance,3,2,2,5,Iktotch
2025-03-18 11:35:32,503,tie_silencer,resistance,4,8,4,7,Alderaan
2025-03-18 11:35:31,504,at-st,resistance,2,5,7,10,Iktotch
2025-03-18 11:35:30,505,tie_fighter,resistance,2,3,6,5,Naboo
2025-03-18 11:35:29,506,resistance_soldier,empire,10,1,8,3,Tholoth
2025-03-18 11:35:28,507,stormtrooper,resistance,6,10,1,8,Glee Anselm
2025-03-18 11:35:27,508,at-st,empire,10,4,6,4,Zolan
2025-03-18 11:35:26,509,tie_fighter,empire,2,8,10,7,Muunilinst
2025-03-18 11:35:25,510,x-wing,empire,7,2,3,10,Kalee
2025-03-18 11:35:24,511,tie_silencer,resistance,7,3,9,8,Skako
2025-03-18 11:35:23,512,unknown,resistance,4,5,8,7,Rodia
2025-03-18 11:35:22,513,resistance_soldier,resistance,9,8,8,5,Ryloth
2025-03-18 11:35:21,514,tie_fighter,resistance,5,4,8,8,Bestine IV
2025-03-18 11:35:20,515,x-wing,empire,9,4,7,2,Corellia
2025-03-18 11:35:19,516,x-wing,empire,8,7,2,1,Sullust
2025-03-18 11:35:18,517,at-st,empire,7,3,5,6,Serenno
2025-03-18 11:35:17,518,tie_fighter,resistance,9,5,7,8,Rodia
2025-03-18 11:35:16,519,x-wing,empire,2,6,9,5,Champala
2025-03-18 11:35:15,520,tie_silencer,empire,10,7,5,4,Umbara
2025-03-18 11:35:14,521,tie_fighter,resistance,8,10,2,9,Eriadu
2025-03-18 11:35:13,522,tie_silencer,empire,6,6,4,6,Tatooine
2025-03-18 11:35:12,523,x-wing,resistance,3,7,5,2,Ryloth
2025-03-18 11:35:11,524,resistance_soldier,resistance,6,9,5,7,Dorin
2025-03-18 11:35:10,525,tie_silencer,resistance,7,9,6,5,Mon Cala
2025-03-18 11:35:09,526,x-wing,resistance,2,7,7,3,Ryloth
2025-03-18 11:35:08,527,tie_fighter,resistance,10,4,8,6,Alderaan
2025-03-18 11:35:07,528,at-at,resistance,4,9,5,9,Kashyyyk
2025-03-18 11:35:06,529,unknown,resistance,9,7,4,4,Shili
2025-03-18 11:35:05,530,at-st,empire,2,2,10,5,Quermia
2025-03-18 11:35:04,531,at-at,empire,3,9,1,4,Corellia
2025-03-18 11:35:03,532,x-wing,empire,2,1,2,4,Stewjon
2025-03-18 11:35:02,533,x-wing,resistance,5,6,1,9,Glee Anselm
2025-03-18 11:35:01,534,tie_silencer,empire,3,7,6,10,Stewjon
2025-03-18 11:35:00,535,at-st,empire,1,9,3,1,Stewjon
2025-03-18 11:34:59,536,resistance_soldier,empire,10,2,5,6,Tund
2025-03-18 11:34:58,537,at-at,resistance,7,1,2,9,Iktotch
2025-03-18 11:34:57,538,stormtrooper,resistance,7,3,8,10,Mon Cala
2025-03-18 11:34:56,539,at-st,empire,4,1,9,7,Stewjon
2025-03-18 11:34:55,540,at-st,resistance,2,5,10,1,Naboo
2025-03-18 11:34:54,541,stormtrooper,resistance,1,9,5,4,Malastare
2025-03-18 11:34:53,542,unknown,empire,8,2,8,2,Quermia
2025-03-18 11:34:52,543,stormtrooper,empire,9,10,5,10,Corellia
2025-03-18 11:34:51,544,x-wing,empire,7,6,5,1,Tund
2025-03-18 11:34:50,545,at-at,empire,8,6,3,6,Tund
2025-03-18 11:34:49,546,at-at,resistance,9,10,5,2,Rodia
2025-03-18 11:34:48,547,x-wing,resistance,9,10,9,4,Kashyyyk
2025-03-18 11:34:47,548,stormtrooper,empire,8,7,9,3,Tund
2025-03-18 11:34:46,549,tie_silencer,resistance,3,9,3,9,Troiken
2025-03-18 11:34:45,550,tie_silencer,resistance,2,8,4,3,Troiken
2025-03-18 11:34:44,551,resistance_soldier,resistance,9,9,2,2,Rodia
2025-03-18 11:34:43,552,at-at,empire,7,3,3,10,Concord Dawn
2025-03-18 11:34:42,553,tie_silencer,empire,8,3,2,3,Serenno
2025-03-18 11:34:41,554,x-wing,empire,2,8,10,1,Umbara
2025-03-18 11:34:40,555,tie_silencer,empire,8,8,2,9,Serenno
2025-03-18 11:34:39,556,at-st,empire,9,5,9,2,Skako
2025-03-18 11:34:38,557,tie_fighter,resistance,7,2,4,3,Iridonia
2025-03-18 11:34:37,558,stormtrooper,resistance,7,3,8,10,Quermia
2025-03-18 11:34:36,559,unknown,empire,8,10,4,9,Dagobah
2025-03-18 11:34:35,560,at-at,empire,8,8,5,7,Skako
2025-03-18 11:34:34,561,resistance_soldier,empire,1,4,4,2,Dorin
2025-03-18 11:34:33,562,at-at,resistance,1,5,6,9,Cerea
2025-03-18 11:34:32,563,x-wing,resistance,4,6,2,10,Umbara
2025-03-18 11:34:31,564,tie_silencer,resistance,6,10,6,6,Naboo
2025-03-18 11:34:30,565,at-st,resistance,4,10,6,2,Sullust
2025-03-18 11:34:29,566,resistance_soldier,resistance,8,9,1,9,Dorin
2025-03-18 11:34:28,567,tie_fighter,empire,10,1,2,9,Troiken
2025-03-18 11:34:27,568,tie_silencer,empire,8,4,7,8,Tatooine
2025-03-18 11:34:26,569,unknown,resistance,4,6,5,5,Ojom
2025-03-18 11:34:25,570,unknown,resistance,8,2,5,3,Kalee
2025-03-18 11:34:24,571,x-wing,resistance,2,7,1,8,Mirial
2025-03-18 11:34:23,572,at-st,resistance,2,6,4,3,Bestine IV
2025-03-18 11:34:22,573,tie_silencer,empire,4,3,4,7,Tund
2025-03-18 11:34:21,574,at-at,resistance,4,3,1,2,Dorin
2025-03-18 11:34:20,575,at-at,empire,6,7,9,7,Stewjon
2025-03-18 11:34:19,576,tie_silencer,resistance,1,8,4,8,Quermia
2025-03-18 11:34:18,577,stormtrooper,empire,5,5,10,6,Mon Cala
2025-03-18 11:34:17,578,x-wing,resistance,10,9,6,8,Kashyyyk
2025-03-18 11:34:16,579,stormtrooper,resistance,5,5,9,1,Alderaan
2025-03-18 11:34:15,580,x-wing,resistance,6,1,9,6,Tatooine
2025-03-18 11:34:14,581,tie_fighter,resistance,10,10,4,9,Iridonia
2025-03-18 11:34:13,582,tie_fighter,empire,10,8,1,3,Stewjon
2025-03-18 11:34:12,583,tie_silencer,resistance,1,4,8,5,Bestine IV
2025-03-18 11:34:11,584,tie_silencer,resistance,7,2,2,6,Chandrila
2025-03-18 11:34:10,585,at-st,empire,2,8,9,5,Quermia
2025-03-18 11:34:09,586,tie_fighter,resistance,10,10,9,1,Aleen Minor
2025-03-18 11:34:08,587,at-st,resistance,1,5,5,3,Iktotch
2025-03-18 11:34:07,588,tie_silencer,empire,5,6,1,7,Dorin
2025-03-18 11:34:06,589,at-at,resistance,7,8,5,8,Vulpter
2025-03-18 11:34:05,590,tie_fighter,resistance,2,3,1,6,Iridonia
2025-03-18 11:34:04,591,x-wing,resistance,5,3,9,7,Haruun Kal
2025-03-18 11:34:03,592,resistance_soldier,resistance,1,1,9,5,Kashyyyk
2025-03-18 11:34:02,593,tie_silencer,empire,1,4,7,6,Cerea
2025-03-18 11:34:01,594,at-st,empire,2,6,10,8,Umbara
2025-03-18 11:34:00,595,at-st,resistance,1,3,4,5,Rodia
2025-03-18 11:33:59,596,tie_silencer,resistance,4,4,10,3,Dathomir
2025-03-18 11:33:58,597,unknown,empire,10,3,8,1,Muunilinst
2025-03-18 11:33:57,598,at-at,empire,1,7,7,2,Muunilinst
2025-03-18 11:33:56,599,resistance_soldier,resistance,7,8,7,9,Chandrila
2025-03-18 11:33:55,600,at-st,resistance,1,6,10,6,Zolan
2025-03-18 11:33:54,601,tie_fighter,resistance,3,3,8,3,Ryloth
2025-03-18 11:33:53,602,tie_silencer,empire,3,8,4,5,Serenno
2025-03-18 11:33:52,603,x-wing,empire,3,8,2,3,Rodia
2025-03-18 11:33:51,604,at-st,resistance,1,8,2,1,Trandosha
2025-03-18 11:33:50,605,at-at,empire,1,1,9,10,Dorin
2025-03-18 11:33:49,606,resistance_soldier,empire,4,8,4,1,Eriadu
2025-03-18 11:33:48,607,at-at,empire,6,1,6,9,Kalee
2025-03-18 11:33:47,608,tie_fighter,empire,1,7,1,8,Iktotch
2025-03-18 11:33:46,609,x-wing,resistance,7,7,4,8,Kashyyyk
2025-03-18 11:33:45,610,at-st,resistance,7,6,6,3,Champala
2025-03-18 11:33:44,611,tie_silencer,resistance,10,8,5,9,Quermia
2025-03-18 11:33:43,612,x-wing,resistance,3,2,3,5,Dagobah
2025-03-18 11:33:42,613,unknown,empire,5,3,10,7,Serenno
2025-03-18 11:33:41,614,at-st,empire,5,1,7,3,Zolan
2025-03-18 11:33:40,615,x-wing,empire,6,6,5,4,Muunilinst
2025-03-18 11:33:39,616,at-st,empire,4,4,4,5,Glee Anselm
2025-03-18 11:33:38,617,at-at,resistance,5,9,6,6,Alderaan
2025-03-18 11:33:37,618,x-wing,empire,8,2,6,7,Vulpter
2025-03-18 11:33:36,619,unknown,resistance,3,2,5,10,Rodia
2025-03-18 11:33:35,620,stormtrooper,empire,5,3,2,8,Kashyyyk
2025-03-18 11:33:34,621,unknown,empire,5,9,2,5,Toydaria
2025-03-18 11:33:33,622,at-st,resistance,10,4,2,7,Glee Anselm
2025-03-18 11:33:32,623,tie_fighter,resistance,6,7,2,7,Mon Cala
2025-03-18 11:33:31,624,x-wing,resistance,9,3,10,3,Kashyyyk
2025-03-18 11:33:30,625,tie_fighter,resistance,6,3,6,5,Mon Cala
2025-03-18 11:33:29,626,at-at,resistance,1,10,8,6,Iktotch
2025-03-18 11:33:28,627,stormtrooper,resistance,4,7,9,8,Kashyyyk
2025-03-18 11:33:27,628,at-at,empire,5,10,5,9,Kalee
2025-03-18 11:33:26,629,resistance_soldier,empire,5,10,5,9,Zolan
2025-03-18 11:33:25,630,tie_silencer,empire,6,3,5,3,Kashyyyk
2025-03-18 11:33:24,631,unknown,empire,6,2,2,8,Tund
2025-03-18 11:33:23,632,unknown,resistance,8,4,5,9,Champala
2025-03-18 11:33:22,633,at-st,empire,7,1,1,8,Corellia
2025-03-18 11:33:21,634,stormtrooper,empire,2,5,1,1,Cerea
2025-03-18 11:33:20,635,resistance_soldier,resistance,10,2,2,4,Bestine IV
2025-03-18 11:33:19,636,x-wing,empire,2,4,2,5,Skako
2025-03-18 11:33:18,637,x-wing,resistance,6,9,1,8,Naboo
2025-03-18 11:33:17,638,tie_fighter,empire,2,4,8,8,Tholoth
2025-03-18 11:33:16,639,unknown,resistance,5,2,1,6,Socorro
2025-03-18 11:33:15,640,at-at,empire,8,5,7,6,Ojom
2025-03-18 11:33:14,641,tie_silencer,resistance,6,8,1,1,Kalee
2025-03-18 11:33:13,642,at-at,resistance,4,6,2,7,Rodia
2025-03-18 11:33:12,643,at-at,empire,3,2,4,5,Dorin
2025-03-18 11:33:11,644,x-wing,resistance,9,4,5,7,Tholoth
2025-03-18 11:33:10,645,tie_fighter,resistance,8,1,1,5,Tatooine
2025-03-18 11:33:09,646,x-wing,resistance,2,6,7,4,Toydaria
2025-03-18 11:33:08,647,at-st,empire,7,9,9,1,Muunilinst
2025-03-18 11:33:07,648,resistance_soldier,resistance,3,7,4,3,Stewjon
2025-03-18 11:33:06,649,unknown,resistance,1,10,6,4,Chandrila
2025-03-18 11:33:05,650,tie_fighter,empire,1,8,3,9,Mirial
2025-03-18 11:33:04,651,unknown,resistance,2,10,4,9,Dathomir
2025-03-18 11:33:03,652,at-st,resistance,4,2,9,3,Ryloth
2025-03-18 11:33:02,653,unknown,empire,5,8,5,7,Champala
2025-03-18 11:33:01,654,resistance_soldier,empire,9,5,6,2,Stewjon
2025-03-18 11:33:00,655,stormtrooper,resistance,10,5,9,2,Dathomir
2025-03-18 11:32:59,656,stormtrooper,empire,4,1,6,5,Socorro
2025-03-18 11:32:58,657,tie_fighter,resistance,9,1,10,10,Umbara
2025-03-18 11:32:57,658,x-wing,empire,8,3,8,4,Dagobah
2025-03-18 11:32:56,659,tie_silencer,resistance,4,7,5,9,Alderaan
2025-03-18 11:32:55,660,tie_silencer,empire,5,5,8,10,Cerea
2025-03-18 11:32:54,661,resistance_soldier,resistance,6,6,10,1,Sullust
2025-03-18 11:32:53,662,tie_fighter,resistance,10,6,5,2,Iktotch
2025-03-18 11:32:52,663,x-wing,resistance,5,8,8,1,Mon Cala
2025-03-18 11:32:51,664,unknown,resistance,8,4,6,6,Tatooine
2025-03-18 11:32:50,665,x-wing,empire,10,1,6,8,Tatooine
2025-03-18 11:32:49,666,unknown,resistance,10,5,2,5,Troiken
2025-03-18 11:32:48,667,x-wing,empire,6,4,9,5,Tund
2025-03-18 11:32:47,668,unknown,resistance,6,5,8,4,Iridonia
2025-03-18 11:32:46,669,unknown,empire,10,10,6,4,Tund
2025-03-18 11:32:45,670,at-at,empire,2,9,7,3,Tatooine
2025-03-18 11:32:44,671,tie_fighter,resistance,1,1,5,1,Tatooine
2025-03-18 11:32:43,672,tie_fighter,empire,3,4,9,7,Toydaria
2025-03-18 11:32:42,673,unknown,resistance,10,6,5,4,Mon Cala
2025-03-18 11:32:41,674,stormtrooper,resistance,4,5,2,6,Kashyyyk
2025-03-18 11:32:40,675,x-wing,resistance,10,7,6,9,Kalee
2025-03-18 11:32:39,676,stormtrooper,resistance,1,7,9,7,Shili
2025-03-18 11:32:38,677,at-st,empire,7,9,3,4,Socorro
2025-03-18 11:32:37,678,resistance_soldier,empire,7,3,8,3,Chandrila
2025-03-18 11:32:36,679,x-wing,resistance,8,10,4,8,Sullust
2025-03-18 11:32:35,680,at-at,resistance,9,4,10,2,Concord Dawn
2025-03-18 11:32:34,681,tie_silencer,resistance,10,9,7,9,Champala
2025-03-18 11:32:33,682,x-wing,empire,6,7,4,7,Tholoth
2025-03-18 11:32:32,683,at-st,empire,6,2,10,8,Naboo
2025-03-18 11:32:31,684,resistance_soldier,empire,3,1,7,3,Champala
2025-03-18 11:32:30,685,resistance_soldier,resistance,7,2,4,8,Sullust
2025-03-18 11:32:29,686,tie_fighter,empire,8,2,4,1,Skako
2025-03-18 11:32:28,687,x-wing,empire,8,4,4,9,Stewjon
2025-03-18 11:32:27,688,resistance_soldier,empire,10,2,9,2,Zolan
2025-03-18 11:32:26,689,x-wing,empire,4,3,10,4,Mirial
2025-03-18 11:32:25,690,tie_fighter,empire,4,10,4,2,Trandosha
2025-03-18 11:32:24,691,at-at,resistance,1,4,4,3,Champala
2025-03-18 11:32:23,692,at-at,empire,8,2,8,2,Dorin
2025-03-18 11:32:22,693,stormtrooper,empire,1,3,1,6,Kalee
2025-03-18 11:32:21,694,resistance_soldier,empire,4,3,8,3,Mirial
2025-03-18 11:32:20,695,at-at,resistance,3,2,5,3,Shili
2025-03-18 11:32:19,696,x-wing,resistance,6,2,8,9,Alderaan
2025-03-18 11:32:18,697,stormtrooper,resistance,6,3,9,8,Dathomir
2025-03-18 11:32:17,698,stormtrooper,resistance,7,3,6,9,Kashyyyk
2025-03-18 11:32:16,699,stormtrooper,resistance,8,7,7,2,Alderaan
2025-03-18 11:32:15,700,x-wing,empire,9,1,9,7,Zolan
2025-03-18 11:32:14,701,at-at,resistance,9,1,1,5,Umbara
2025-03-18 11:32:13,702,tie_fighter,empire,8,2,5,4,Glee Anselm
2025-03-18 11:32:12,703,unknown,resistance,5,5,5,9,Tatooine
2025-03-18 11:32:11,704,tie_silencer,resistance,2,7,4,8,Champala
2025-03-18 11:32:10,705,x-wing,resistance,1,7,1,6,Aleen Minor
2025-03-18 11:32:09,706,stormtrooper,resistance,6,10,6,7,Kashyyyk
2025-03-18 11:32:08,707,stormtrooper,resistance,4,3,9,3,Dathomir
2025-03-18 11:32:07,708,resistance_soldier,empire,4,5,5,2,Tund
2025-03-18 11:32:06,709,tie_silencer,empire,3,10,6,10,Ryloth
2025-03-18 11:32:05,710,at-st,resistance,6,4,2,1,Ojom
2025-03-18 11:32:04,711,tie_silencer,empire,8,3,3,7,Skako
2025-03-18 11:32:03,712,stormtrooper,empire,9,10,9,6,Ojom
2025-03-18 11:32:02,713,unknown,resistance,4,4,3,4,Kashyyyk
2025-03-18 11:32:01,714,at-at,resistance,10,4,6,7,Tholoth
2025-03-18 11:32:00,715,x-wing,resistance,2,4,1,4,Ryloth
2025-03-18 11:31:59,716,resistance_soldier,empire,10,7,6,1,Malastare
2025-03-18 11:31:58,717,x-wing,empire,9,8,6,7,Concord Dawn
2025-03-18 11:31:57,718,resistance_soldier,empire,3,2,2,4,Socorro
2025-03-18 11:31:56,719,at-st,empire,6,7,8,6,Muunilinst
2025-03-18 11:31:55,720,at-at,resistance,5,10,6,5,Cerea
2025-03-18 11:31:54,721,resistance_soldier,resistance,1,7,5,5,Sullust
2025-03-18 11:31:53,722,resistance_soldier,resistance,9,4,5,5,Alderaan
2025-03-18 11:31:52,723,at-at,resistance,3,2,2,10,Dagobah
2025-03-18 11:31:51,724,at-at,resistance,9,8,7,8,Quermia
2025-03-18 11:31:50,725,unknown,resistance,6,2,4,5,Ryloth
2025-03-18 11:31:49,726,at-at,empire,6,3,1,4,Kashyyyk
2025-03-18 11:31:48,727,x-wing,resistance,2,5,3,3,Ojom
2025-03-18 11:31:47,728,stormtrooper,empire,9,5,2,1,Rodia
2025-03-18 11:31:46,729,resistance_soldier,resistance,7,8,7,4,Alderaan
2025-03-18 11:31:45,730,tie_silencer,empire,3,8,3,2,Concord Dawn
2025-03-18 11:31:44,731,at-at,empire,2,4,5,1,Stewjon
2025-03-18 11:31:43,732,unknown,empire,2,3,5,10,Sullust
2025-03-18 11:31:42,733,at-at,resistance,9,6,3,3,Concord Dawn
2025-03-18 11:31:41,734,at-at,resistance,5,1,7,5,Eriadu
2025-03-18 11:31:40,735,tie_fighter,empire,10,9,10,5,Dorin
2025-03-18 11:31:39,736,stormtrooper,resistance,10,5,1,6,Haruun Kal
2025-03-18 11:31:38,737,stormtrooper,empire,9,2,7,1,Rodia
2025-03-18 11:31:37,738,resistance_soldier,resistance,3,7,6,7,Alderaan
2025-03-18 11:31:36,739,x-wing,empire,2,8,1,10,Skako
2025-03-18 11:31:35,740,tie_fighter,empire,10,3,8,9,Dagobah
2025-03-18 11:31:34,741,resistance_soldier,resistance,3,5,5,10,Dathomir
2025-03-18 11:31:33,742,stormtrooper,empire,6,3,2,1,Iktotch
2025-03-18 11:31:32,743,resistance_soldier,resistance,9,9,5,2,Sullust
2025-03-18 11:31:31,744,x-wing,resistance,7,1,8,6,Chandrila
2025-03-18 11:31:30,745,x-wing,empire,9,10,2,3,Vulpter
2025-03-18 11:31:29,746,at-at,empire,6,10,6,9,Quermia
2025-03-18 11:31:28,747,tie_silencer,empire,2,6,2,2,Skako
2025-03-18 11:31:27,748,tie_fighter,resistance,4,4,2,9,Vulpter
2025-03-18 11:31:26,749,x-wing,empire,6,4,1,10,Concord Dawn
2025-03-18 11:31:25,750,at-at,resistance,7,3,7,9,Sullust
2025-03-18 11:31:24,751,x-wing,empire,4,6,4,8,Dorin
2025-03-18 11:31:23,752,x-wing,empire,4,2,10,3,Tund
2025-03-18 11:31:22,753,stormtrooper,resistance,6,7,10,6,Dathomir
2025-03-18 11:31:21,754,at-st,empire,5,3,10,5,Rodia
2025-03-18 11:31:20,755,at-st,empire,6,9,10,10,Ojom
2025-03-18 11:31:19,756,tie_fighter,empire,1,1,9,6,Dagobah
2025-03-18 11:31:18,757,tie_fighter,empire,7,9,10,3,Rodia
2025-03-18 11:31:17,758,stormtrooper,resistance,9,10,9,6,Ryloth
2025-03-18 11:31:16,759,unknown,empire,6,7,1,5,Aleen Minor
2025-03-18 11:31:15,760,tie_silencer,resistance,5,10,4,9,Trandosha
2025-03-18 11:31:14,761,at-st,resistance,2,10,7,5,Umbara
2025-03-18 11:31:13,762,unknown,empire,6,8,5,6,Corellia
2025-03-18 11:31:12,763,resistance_soldier,resistance,2,4,6,3,Glee Anselm
2025-03-18 11:31:11,764,resistance_soldier,empire,8,7,6,3,Tatooine
2025-03-18 11:31:10,765,tie_fighter,empire,5,6,3,2,Tund
2025-03-18 11:31:09,766,tie_silencer,resistance,5,1,10,5,Sullust
2025-03-18 11:31:08,767,resistance_soldier,empire,6,1,2,9,Trandosha
2025-03-18 11:31:07,768,stormtrooper,empire,6,4,4,9,Eriadu
2025-03-18 11:31:06,769,stormtrooper,resistance,8,7,3,7,Naboo
2025-03-18 11:31:05,770,unknown,empire,9,7,8,3,Kalee
2025-03-18 11:31:04,771,stormtrooper,empire,3,6,8,7,Aleen Minor
2025-03-18 11:31:03,772,at-st,empire,7,7,6,9,Concord Dawn
2025-03-18 11:31:02,773,tie_fighter,empire,10,4,8,4,Concord Dawn
2025-03-18 11:31:01,774,unknown,empire,9,9,4,2,Rodia
2025-03-18 11:31:00,775,stormtrooper,resistance,8,7,6,10,Dorin
2025-03-18 11:30:59,776,resistance_soldier,resistance,3,2,3,7,Shili
2025-03-18 11:30:58,777,tie_silencer,empire,10,10,8,10,Ryloth
2025-03-18 11:30:57,778,x-wing,resistance,9,2,3,1,Ojom
2025-03-18 11:30:56,779,at-st,resistance,9,8,2,3,Vulpter
2025-03-18 11:30:55,780,at-at,resistance,2,4,6,8,Tholoth
2025-03-18 11:30:54,781,tie_fighter,empire,3,7,5,4,Toydaria
2025-03-18 11:30:53,782,tie_fighter,resistance,7,4,6,1,Kalee
2025-03-18 11:30:52,783,tie_fighter,empire,10,9,9,1,Stewjon
2025-03-18 11:30:51,784,at-st,empire,6,8,10,1,Shili
2025-03-18 11:30:50,785,at-st,resistance,6,5,3,7,Kalee
2025-03-18 11:30:49,786,x-wing,empire,5,9,10,3,Vulpter
2025-03-18 11:30:48,787,resistance_soldier,resistance,7,2,3,5,Chandrila
2025-03-18 11:30:47,788,tie_silencer,empire,3,7,1,2,Kalee
2025-03-18 11:30:46,789,stormtrooper,resistance,9,3,6,9,Kashyyyk
2025-03-18 11:30:45,790,unknown,resistance,6,8,2,2,Socorro
2025-03-18 11:30:44,791,resistance_soldier,empire,5,10,7,9,Rodia
2025-03-18 11:30:43,792,stormtrooper,empire,10,3,1,9,Skako
2025-03-18 11:30:42,793,at-st,resistance,5,7,5,2,Vulpter
2025-03-18 11:30:41,794,at-at,resistance,10,9,10,9,Sullust
2025-03-18 11:30:40,795,at-at,resistance,8,2,6,4,Iktotch
2025-03-18 11:30:39,796,tie_silencer,empire,4,4,1,3,Dagobah
2025-03-18 11:30:38,797,tie_fighter,resistance,8,10,4,2,Haruun Kal
2025-03-18 11:30:37,798,tie_fighter,empire,5,4,1,4,Dagobah
2025-03-18 11:30:36,799,stormtrooper,resistance,10,7,10,10,Dathomir
2025-03-18 11:30:35,800,unknown,empire,8,1,8,2,Iktotch
2025-03-18 11:30:34,801,resistance_soldier,empire,3,1,7,7,Muunilinst
2025-03-18 11:30:33,802,unknown,resistance,10,6,10,7,Vulpter
2025-03-18 11:30:32,803,at-st,empire,6,3,2,4,Skako
2025-03-18 11:30:31,804,unknown,resistance,1,3,6,7,Dathomir
2025-03-18 11:30:30,805,at-at,resistance,8,10,9,3,Tholoth
2025-03-18 11:30:29,806,unknown,resistance,3,2,8,4,Bestine IV
2025-03-18 11:30:28,807,tie_silencer,resistance,9,3,4,9,Troiken
2025-03-18 11:30:27,808,x-wing,resistance,3,9,8,1,Tatooine
2025-03-18 11:30:26,809,unknown,resistance,7,9,6,10,Bestine IV
2025-03-18 11:30:25,810,stormtrooper,empire,2,10,3,10,Aleen Minor
2025-03-18 11:30:24,811,unknown,empire,2,9,5,8,Tund
2025-03-18 11:30:23,812,x-wing,resistance,3,1,2,9,Umbara
2025-03-18 11:30:22,813,at-st,empire,3,5,2,5,Ojom
2025-03-18 11:30:21,814,x-wing,empire,1,5,1,4,Mirial
2025-03-18 11:30:20,815,tie_fighter,empire,8,9,9,7,Iridonia
2025-03-18 11:30:19,816,at-st,resistance,6,4,4,6,Serenno
2025-03-18 11:30:18,817,at-at,resistance,8,9,7,7,Ojom
2025-03-18 11:30:17,818,tie_fighter,empire,10,2,4,7,Rodia
2025-03-18 11:30:16,819,at-at,resistance,10,5,4,3,Alderaan
2025-03-18 11:30:15,820,tie_fighter,empire,5,3,10,7,Trandosha
2025-03-18 11:30:14,821,unknown,empire,2,9,1,9,Tatooine
2025-03-18 11:30:13,822,x-wing,empire,1,7,2,3,Naboo
2025-03-18 11:30:12,823,unknown,resistance,10,4,6,1,Glee Anselm
2025-03-18 11:30:11,824,tie_silencer,empire,9,3,9,8,Corellia
2025-03-18 11:30:10,825,tie_fighter,empire,9,4,10,8,Umbara
2025-03-18 11:30:09,826,resistance_soldier,empire,6,3,7,6,Malastare
2025-03-18 11:30:08,827,at-st,resistance,3,7,3,5,Malastare
2025-03-18 11:30:07,828,stormtrooper,resistance,3,5,6,10,Chandrila
2025-03-18 11:30:06,829,stormtrooper,resistance,8,7,4,9,Zolan
2025-03-18 11:30:05,830,unknown,resistance,3,9,10,1,Glee Anselm
2025-03-18 11:30:04,831,tie_fighter,empire,4,4,8,6,Dagobah
2025-03-18 11:30:03,832,tie_fighter,resistance,4,9,1,3,Sullust
2025-03-18 11:30:02,833,tie_silencer,resistance,2,8,2,5,Ojom
2025-03-18 11:30:01,834,at-at,empire,3,1,6,1,Tatooine
2025-03-18 11:30:00,835,x-wing,empire,2,9,7,7,Shili
2025-03-18 11:29:59,836,at-at,empire,4,6,10,4,Troiken
2025-03-18 11:29:58,837,tie_fighter,empire,1,1,6,8,Ryloth
2025-03-18 11:29:57,838,at-st,empire,7,5,3,10,Aleen Minor
2025-03-18 11:29:56,839,stormtrooper,resistance,5,1,1,8,Sullust
2025-03-18 11:29:55,840,stormtrooper,empire,5,3,10,6,Eriadu
2025-03-18 11:29:54,841,at-at,resistance,3,9,7,1,Iridonia
2025-03-18 11:29:53,842,at-st,resistance,2,10,3,1,Kalee
2025-03-18 11:29:52,843,at-at,resistance,3,9,10,5,Haruun Kal
2025-03-18 11:29:51,844,at-st,empire,2,9,4,9,Concord Dawn
2025-03-18 11:29:50,845,resistance_soldier,empire,5,8,1,9,Zolan
2025-03-18 11:29:49,846,unknown,empire,2,10,8,5,Mirial
2025-03-18 11:29:48,847,at-at,empire,9,5,10,3,Umbara
2025-03-18 11:29:47,848,tie_silencer,empire,4,10,2,9,Umbara
2025-03-18 11:29:46,849,tie_fighter,resistance,8,10,4,1,Umbara
2025-03-18 11:29:45,850,resistance_soldier,resistance,5,3,4,1,Iridonia
2025-03-18 11:29:44,851,stormtrooper,resistance,1,1,9,8,Shili
2025-03-18 11:29:43,852,at-st,resistance,2,3,5,9,Trandosha
2025-03-18 11:29:42,853,tie_fighter,empire,10,6,6,3,Quermia
2025-03-18 11:29:41,854,at-at,resistance,10,5,3,5,Mirial
2025-03-18 11:29:40,855,unknown,empire,8,5,3,10,Corellia
2025-03-18 11:29:39,856,stormtrooper,resistance,8,6,5,3,Kashyyyk
2025-03-18 11:29:38,857,tie_fighter,resistance,2,10,4,2,Iktotch
2025-03-18 11:29:37,858,at-at,empire,2,1,9,10,Zolan
2025-03-18 11:29:36,859,resistance_soldier,empire,7,7,2,6,Muunilinst
2025-03-18 11:29:35,860,at-st,empire,5,2,1,7,Chandrila
2025-03-18 11:29:34,861,at-st,empire,3,8,8,2,Aleen Minor
2025-03-18 11:29:33,862,unknown,resistance,4,4,8,3,Troiken
2025-03-18 11:29:32,863,at-st,empire,2,2,9,5,Naboo
2025-03-18 11:29:31,864,at-st,resistance,4,2,4,9,Kalee
2025-03-18 11:29:30,865,at-at,resistance,8,8,6,1,Umbara
2025-03-18 11:29:29,866,x-wing,empire,8,1,1,6,Malastare
2025-03-18 11:29:28,867,x-wing,empire,1,2,2,2,Serenno
2025-03-18 11:29:27,868,at-st,resistance,9,4,1,6,Alderaan
2025-03-18 11:29:26,869,unknown,empire,1,2,8,3,Tatooine
2025-03-18 11:29:25,870,at-st,resistance,2,10,7,3,Socorro
2025-03-18 11:29:24,871,tie_fighter,resistance,4,2,4,10,Ryloth
2025-03-18 11:29:23,872,at-st,empire,1,9,9,2,Muunilinst
2025-03-18 11:29:22,873,at-st,empire,9,6,1,8,Malastare
2025-03-18 11:29:21,874,resistance_soldier,resistance,9,3,1,10,Haruun Kal
2025-03-18 11:29:20,875,tie_silencer,resistance,5,1,7,7,Kalee
2025-03-18 11:29:19,876,tie_fighter,resistance,10,7,5,5,Mirial
2025-03-18 11:29:18,877,x-wing,empire,3,8,8,2,Serenno
2025-03-18 11:29:17,878,resistance_soldier,empire,8,6,1,3,Sullust
2025-03-18 11:29:16,879,tie_fighter,empire,7,5,1,2,Corellia
2025-03-18 11:29:15,880,at-at,resistance,1,8,1,5,Umbara
2025-03-18 11:29:14,881,at-at,empire,5,4,7,1,Trandosha
2025-03-18 11:29:13,882,tie_fighter,resistance,5,2,7,7,Iridonia
2025-03-18 11:29:12,883,unknown,resistance,10,1,4,7,Tatooine
2025-03-18 11:29:11,884,resistance_soldier,resistance,3,4,7,3,Kalee
2025-03-18 11:29:10,885,tie_fighter,empire,2,5,6,5,Umbara
2025-03-18 11:29:09,886,tie_silencer,empire,1,7,6,6,Tholoth
2025-03-18 11:29:08,887,stormtrooper,resistance,10,1,1,8,Chandrila
2025-03-18 11:29:07,888,stormtrooper,resistance,1,4,6,1,Glee Anselm
2025-03-18 11:29:06,889,unknown,empire,8,10,6,10,Shili
2025-03-18 11:29:05,890,stormtrooper,resistance,6,5,3,4,Ojom
2025-03-18 11:29:04,891,tie_silencer,resistance,7,1,8,9,Muunilinst
2025-03-18 11:29:03,892,unknown,resistance,8,1,10,3,Haruun Kal
2025-03-18 11:29:02,893,stormtrooper,resistance,1,4,8,4,Troiken
2025-03-18 11:29:01,894,at-at,empire,2,5,5,9,Naboo
2025-03-18 11:29:00,895,at-at,resistance,8,1,9,7,Trandosha
2025-03-18 11:28:59,896,stormtrooper,empire,1,2,8,4,Champala
2025-03-18 11:28:58,897,unknown,resistance,7,7,1,2,Kalee
2025-03-18 11:28:57,898,tie_fighter,resistance,5,7,9,5,Chandrila
2025-03-18 11:28:56,899,stormtrooper,resistance,5,10,1,4,Dorin
2025-03-18 11:28:55,900,unknown,resistance,3,5,6,5,Aleen Minor
2025-03-18 11:28:54,901,at-st,resistance,5,9,7,3,Bestine IV
2025-03-18 11:28:53,902,tie_silencer,empire,3,4,9,6,Dorin
2025-03-18 11:28:52,903,stormtrooper,resistance,9,9,10,3,Haruun Kal
2025-03-18 11:28:51,904,unknown,empire,5,8,8,9,Tund
2025-03-18 11:28:50,905,at-at,resistance,2,2,6,10,Iktotch
2025-03-18 11:28:49,906,tie_silencer,resistance,5,7,10,8,Dathomir
2025-03-18 11:28:48,907,tie_fighter,resistance,4,5,3,4,Shili
2025-03-18 11:28:47,908,tie_silencer,resistance,5,5,5,6,Troiken
2025-03-18 11:28:46,909,resistance_soldier,empire,1,3,6,9,Dorin
2025-03-18 11:28:45,910,tie_silencer,empire,9,7,1,1,Zolan
2025-03-18 11:28:44,911,x-wing,empire,7,1,1,10,Dorin
2025-03-18 11:28:43,912,unknown,empire,3,6,2,1,Cerea
2025-03-18 11:28:42,913,tie_fighter,empire,3,2,1,2,Malastare
2025-03-18 11:28:41,914,at-at,resistance,7,4,5,3,Ryloth
2025-03-18 11:28:40,915,unknown,empire,8,7,2,3,Dagobah
2025-03-18 11:28:39,916,x-wing,resistance,6,7,6,1,Aleen Minor
2025-03-18 11:28:38,917,unknown,resistance,9,9,6,7,Chandrila
2025-03-18 11:28:37,918,at-at,resistance,1,3,2,2,Troiken
2025-03-18 11:28:36,919,tie_fighter,resistance,8,5,1,1,Champala
2025-03-18 11:28:35,920,unknown,empire,8,4,6,2,Vulpter
2025-03-18 11:28:34,921,resistance_soldier,resistance,3,3,4,3,Dathomir
2025-03-18 11:28:33,922,at-at,empire,7,7,7,2,Tatooine
2025-03-18 11:28:32,923,tie_silencer,empire,4,3,9,3,Skako
2025-03-18 11:28:31,924,resistance_soldier,resistance,4,9,7,2,Rodia
2025-03-18 11:28:30,925,stormtrooper,resistance,2,8,7,4,Kalee
2025-03-18 11:28:29,926,stormtrooper,resistance,3,10,1,7,Alderaan
2025-03-18 11:28:28,927,x-wing,resistance,9,2,2,3,Haruun Kal
2025-03-18 11:28:27,928,unknown,empire,4,10,4,6,Vulpter
2025-03-18 11:28:26,929,unknown,empire,1,7,4,1,Tatooine
2025-03-18 11:28:25,930,tie_silencer,empire,4,1,7,1,Tatooine
2025-03-18 11:28:24,931,tie_silencer,empire,10,1,3,7,Mirial
2025-03-18 11:28:23,932,tie_silencer,resistance,6,4,9,9,Champala
2025-03-18 11:28:22,933,at-at,empire,5,3,5,4,Naboo
2025-03-18 11:28:21,934,tie_silencer,empire,9,8,3,10,Champala
2025-03-18 11:28:20,935,unknown,empire,9,3,4,1,Dathomir
2025-03-18 11:28:19,936,at-at,empire,10,9,1,4,Kalee
2025-03-18 11:28:18,937,at-at,empire,2,9,6,3,Eriadu
2025-03-18 11:28:17,938,at-st,empire,3,5,2,6,Muunilinst
2025-03-18 11:28:16,939,resistance_soldier,empire,6,6,6,4,Iktotch
2025-03-18 11:28:15,940,tie_fighter,empire,2,4,9,10,Toydaria
2025-03-18 11:28:14,941,tie_silencer,resistance,7,9,4,8,Kashyyyk
2025-03-18 11:28:13,942,tie_fighter,resistance,4,8,6,10,Dagobah
2025-03-18 11:28:12,943,at-at,empire,1,2,10,7,Tholoth
2025-03-18 11:28:11,944,at-at,empire,1,10,4,6,Champala
2025-03-18 11:28:10,945,tie_silencer,resistance,6,9,2,2,Glee Anselm
2025-03-18 11:28:09,946,x-wing,empire,7,9,10,2,Muunilinst
2025-03-18 11:28:08,947,unknown,empire,1,5,7,6,Concord Dawn
2025-03-18 11:28:07,948,stormtrooper,empire,2,4,5,7,Skako
2025-03-18 11:28:06,949,at-st,empire,9,6,7,8,Stewjon
2025-03-18 11:28:05,950,x-wing,empire,1,10,3,8,Socorro
2025-03-18 11:28:04,951,tie_fighter,empire,3,3,7,3,Skako
2025-03-18 11:28:03,952,x-wing,resistance,6,5,1,10,Sullust
2025-03-18 11:28:02,953,unknown,resistance,4,4,7,4,Naboo
2025-03-18 11:28:01,954,tie_fighter,resistance,5,1,6,1,Sullust
2025-03-18 11:28:00,955,resistance_soldier,resistance,8,9,6,4,Naboo
2025-03-18 11:27:59,956,tie_silencer,resistance,3,5,9,2,Quermia
2025-03-18 11:27:58,957,resistance_soldier,resistance,7,6,8,4,Serenno
2025-03-18 11:27:57,958,tie_silencer,empire,6,1,2,3,Concord Dawn
2025-03-18 11:27:56,959,x-wing,resistance,9,10,6,9,Cerea
2025-03-18 11:27:55,960,stormtrooper,resistance,1,2,1,8,Dathomir
2025-03-18 11:27:54,961,at-st,empire,6,6,4,1,Dathomir
2025-03-18 11:27:53,962,at-at,resistance,3,5,5,7,Troiken
2025-03-18 11:27:52,963,tie_fighter,resistance,2,2,2,9,Iktotch
2025-03-18 11:27:51,964,unknown,empire,1,7,5,7,Dorin
2025-03-18 11:27:50,965,resistance_soldier,resistance,1,4,1,3,Haruun Kal
2025-03-18 11:27:49,966,at-at,empire,10,6,1,1,Iktotch
2025-03-18 11:27:48,967,at-st,resistance,9,7,7,7,Ryloth
2025-03-18 11:27:47,968,tie_silencer,resistance,10,4,6,7,Chandrila
2025-03-18 11:27:46,969,at-at,resistance,9,2,10,8,Naboo
2025-03-18 11:27:45,970,at-st,empire,4,5,6,4,Mirial
2025-03-18 11:27:44,971,x-wing,resistance,5,6,4,2,Chandrila
2025-03-18 11:27:43,972,at-st,resistance,7,6,4,7,Tholoth
2025-03-18 11:27:42,973,at-st,empire,10,6,5,6,Serenno
2025-03-18 11:27:41,974,at-st,resistance,3,10,7,6,Chandrila
2025-03-18 11:27:40,975,at-st,empire,7,1,9,4,Trandosha
2025-03-18 11:27:39,976,unknown,resistance,10,7,5,7,Rodia
2025-03-18 11:27:38,977,tie_fighter,resistance,3,6,10,3,Umbara
2025-03-18 11:27:37,978,at-st,empire,3,7,7,1,Umbara
2025-03-18 11:27:36,979,x-wing,resistance,6,3,2,8,Aleen Minor
2025-03-18 11:27:35,980,at-at,resistance,10,9,5,5,Mirial
2025-03-18 11:27:34,981,x-wing,empire,2,6,1,5,Rodia
2025-03-18 11:27:33,982,stormtrooper,resistance,9,9,6,6,Glee Anselm
2025-03-18 11:27:32,983,tie_silencer,resistance,4,10,3,6,Alderaan
2025-03-18 11:27:31,984,tie_fighter,empire,6,7,4,4,Skako
2025-03-18 11:27:30,985,stormtrooper,empire,5,7,4,1,Tholoth
2025-03-18 11:27:29,986,tie_fighter,empire,5,5,6,9,Eriadu
2025-03-18 11:27:28,987,x-wing,empire,5,3,7,1,Tatooine
2025-03-18 11:27:27,988,tie_silencer,resistance,1,1,7,10,Kashyyyk
2025-03-18 11:27:26,989,tie_silencer,empire,4,6,8,7,Quermia
2025-03-18 11:27:25,990,at-at,empire,2,4,1,6,Stewjon
2025-03-18 11:27:24,991,tie_silencer,resistance,9,10,7,8,Rodia
2025-03-18 11:27:23,992,stormtrooper,resistance,8,9,6,7,Glee Anselm
2025-03-18 11:27:22,993,stormtrooper,empire,7,7,1,2,Haruun Kal
2025-03-18 11:27:21,994,resistance_soldier,resistance,8,6,8,6,Rodia
2025-03-18 11:27:20,995,tie_fighter,empire,3,8,6,6,Trandosha
2025-03-18 11:27:19,996,tie_silencer,empire,4,4,8,10,Dorin
2025-03-18 11:27:18,997,at-at,resistance,3,5,1,10,Naboo
2025-03-18 11:27:17,998,resistance_soldier,resistance,4,2,2,10,Alderaan
2025-03-18 11:27:16,999,stormtrooper,empire,5,6,5,8,Naboo
2025-03-18 11:27:15,1000,x-wing,empire,2,1,5,8,Malastare
